{
    "per_error_notocc": {
        "Average": [
            27.577470779418945
        ]
    },
    "per_error_occ": {
        "Average": [
            34.39765548706055
        ]
    },
    "per_error_relative_notocc": {
        "Average": [
            31.876291275024414
        ]
    },
    "per_error_relative_occ": {
        "Average": [
            50.391300201416016
        ]
    },
    "per_joint_error": {
        "Average": [
            26.391149520874023,
            17.6832218170166,
            23.830177307128906,
            23.4692440032959,
            16.197458267211914,
            16.17098617553711,
            32.719505310058594,
            22.753568649291992,
            24.20533561706543,
            27.5902156829834,
            44.73128128051758,
            40.315940856933594,
            27.233427047729492,
            25.302494049072266,
            31.237957000732422,
            49.4045524597168,
            22.703523635864258
        ]
    },
    "per_pose_error": {
        "Average": {
            "A01": 24.658561390532544,
            "A02": 26.155676295896328,
            "A03": 29.49368959816887,
            "A04": 27.65071139370438,
            "A05": 26.107433842677697,
            "A06": 24.79227289979757,
            "A07": 23.09450919858871,
            "A08": 39.13264132094109,
            "A09": 28.19132574196208,
            "A10": 33.05671002538071,
            "A11": 29.126365124339788,
            "Average": 27.761165796963947
        },
        "S01": {
            "A01": NaN,
            "A02": NaN,
            "A03": NaN,
            "A04": NaN,
            "A05": NaN,
            "A06": NaN,
            "A07": NaN,
            "A08": NaN,
            "A09": NaN,
            "A10": NaN,
            "A11": NaN,
            "Average": NaN
        },
        "S02": {
            "A01": NaN,
            "A02": NaN,
            "A03": NaN,
            "A04": NaN,
            "A05": NaN,
            "A06": NaN,
            "A07": NaN,
            "A08": NaN,
            "A09": NaN,
            "A10": NaN,
            "A11": NaN,
            "Average": NaN
        },
        "S03": {
            "A01": NaN,
            "A02": NaN,
            "A03": NaN,
            "A04": NaN,
            "A05": NaN,
            "A06": NaN,
            "A07": NaN,
            "A08": NaN,
            "A09": NaN,
            "A10": NaN,
            "A11": NaN,
            "Average": NaN
        },
        "S04": {
            "A01": NaN,
            "A02": NaN,
            "A03": NaN,
            "A04": NaN,
            "A05": NaN,
            "A06": NaN,
            "A07": NaN,
            "A08": NaN,
            "A09": NaN,
            "A10": NaN,
            "A11": NaN,
            "Average": NaN
        },
        "S05": {
            "A01": NaN,
            "A02": NaN,
            "A03": NaN,
            "A04": NaN,
            "A05": NaN,
            "A06": NaN,
            "A07": NaN,
            "A08": NaN,
            "A09": NaN,
            "A10": NaN,
            "A11": NaN,
            "Average": NaN
        },
        "S06": {
            "A01": NaN,
            "A02": NaN,
            "A03": NaN,
            "A04": NaN,
            "A05": NaN,
            "A06": NaN,
            "A07": NaN,
            "A08": NaN,
            "A09": NaN,
            "A10": NaN,
            "A11": NaN,
            "Average": NaN
        },
        "S07": {
            "A01": NaN,
            "A02": NaN,
            "A03": NaN,
            "A04": NaN,
            "A05": NaN,
            "A06": NaN,
            "A07": NaN,
            "A08": NaN,
            "A09": NaN,
            "A10": NaN,
            "A11": NaN,
            "Average": NaN
        },
        "S08": {
            "A01": 27.351964250395568,
            "A02": 26.80985966435185,
            "A03": 32.223199475849256,
            "A04": 30.609469506048388,
            "A05": 26.85673130580357,
            "A06": 28.656241357853983,
            "A07": 25.53856724330357,
            "A08": 39.02881139996408,
            "A09": 36.28053091597387,
            "A10": 42.17912055121528,
            "A11": 37.66121292114258,
            "Average": 31.466893398152127
        },
        "S09": {
            "A01": NaN,
            "A02": NaN,
            "A03": NaN,
            "A04": NaN,
            "A05": NaN,
            "A06": NaN,
            "A07": NaN,
            "A08": NaN,
            "A09": NaN,
            "A10": NaN,
            "A11": NaN,
            "Average": NaN
        },
        "S10": {
            "A01": NaN,
            "A02": NaN,
            "A03": NaN,
            "A04": NaN,
            "A05": NaN,
            "A06": NaN,
            "A07": NaN,
            "A08": NaN,
            "A09": NaN,
            "A10": NaN,
            "A11": NaN,
            "Average": NaN
        },
        "S11": {
            "A01": 22.294352213541668,
            "A02": 25.433101029829544,
            "A03": 26.98275375366211,
            "A04": 25.710984705438065,
            "A05": 25.312721946022727,
            "A06": 21.533851737406717,
            "A07": 21.081756950827206,
            "A08": 39.2364712419181,
            "A09": 23.89138208254419,
            "A10": 25.383654442903037,
            "A11": 22.1234130859375,
            "Average": 24.8310875382263
        },
        "S12": {
            "A01": NaN,
            "A02": NaN,
            "A03": NaN,
            "A04": NaN,
            "A05": NaN,
            "A06": NaN,
            "A07": NaN,
            "A08": NaN,
            "A09": NaN,
            "A10": NaN,
            "A11": NaN,
            "Average": NaN
        }
    },
    "per_pose_error_relative": {
        "Average": {
            "A01": 23.848439233542898,
            "A02": 28.571299608531316,
            "A03": 48.3965340475585,
            "A04": 29.36986413663321,
            "A05": 35.345712699142155,
            "A06": 25.01125419091599,
            "A07": 27.276260080645162,
            "A08": 38.931604144216955,
            "A09": 27.18200613149217,
            "A10": 32.5094235802665,
            "A11": 30.11166854643486,
            "Average": 32.37497035104364
        },
        "S01": {
            "A01": NaN,
            "A02": NaN,
            "A03": NaN,
            "A04": NaN,
            "A05": NaN,
            "A06": NaN,
            "A07": NaN,
            "A08": NaN,
            "A09": NaN,
            "A10": NaN,
            "A11": NaN,
            "Average": NaN
        },
        "S02": {
            "A01": NaN,
            "A02": NaN,
            "A03": NaN,
            "A04": NaN,
            "A05": NaN,
            "A06": NaN,
            "A07": NaN,
            "A08": NaN,
            "A09": NaN,
            "A10": NaN,
            "A11": NaN,
            "Average": NaN
        },
        "S03": {
            "A01": NaN,
            "A02": NaN,
            "A03": NaN,
            "A04": NaN,
            "A05": NaN,
            "A06": NaN,
            "A07": NaN,
            "A08": NaN,
            "A09": NaN,
            "A10": NaN,
            "A11": NaN,
            "Average": NaN
        },
        "S04": {
            "A01": NaN,
            "A02": NaN,
            "A03": NaN,
            "A04": NaN,
            "A05": NaN,
            "A06": NaN,
            "A07": NaN,
            "A08": NaN,
            "A09": NaN,
            "A10": NaN,
            "A11": NaN,
            "Average": NaN
        },
        "S05": {
            "A01": NaN,
            "A02": NaN,
            "A03": NaN,
            "A04": NaN,
            "A05": NaN,
            "A06": NaN,
            "A07": NaN,
            "A08": NaN,
            "A09": NaN,
            "A10": NaN,
            "A11": NaN,
            "Average": NaN
        },
        "S06": {
            "A01": NaN,
            "A02": NaN,
            "A03": NaN,
            "A04": NaN,
            "A05": NaN,
            "A06": NaN,
            "A07": NaN,