{
    "per_pose_error": {
        "Average": {
            "Average": 28.67408872077029,
            "Directions": 20.860103777985074,
            "Discussion": 26.476240854414684,
            "Eating": 19.365708480342743,
            "Greeting": 49.94684438236424,
            "Phoning": 21.267066539417613,
            "Posing": 19.524166531032986,
            "Purchases": 20.92875006260016,
            "Sitting": 24.605782318115235,
            "SittingDown": 60.74799693714488,
            "Smoking": 23.7961905144121,
            "TakingPhoto": 23.510142269297543,
            "Waiting": 48.41782552083333,
            "Walking": 23.68695537860577,
            "WalkingDog": 28.160640171595983,
            "WalkingTogether": 23.334852818080357
        },
        "S1": {
            "Average": NaN,
            "Directions": NaN,
            "Discussion": NaN,
            "Eating": NaN,
            "Greeting": NaN,
            "Phoning": NaN,
            "Posing": NaN,
            "Purchases": NaN,
            "Sitting": NaN,
            "SittingDown": NaN,
            "Smoking": NaN,
            "TakingPhoto": NaN,
            "Waiting": NaN,
            "Walking": NaN,
            "WalkingDog": NaN,
            "WalkingTogether": NaN
        },
        "S11": {
            "Average": 19.297819992591595,
            "Directions": 15.333654333043981,
            "Discussion": 15.846241344105113,
            "Eating": 16.85990712340449,
            "Greeting": 19.121241978236608,
            "Phoning": 20.346269395616318,
            "Posing": 16.174298493758492,
            "Purchases": 20.542389813591452,
            "Sitting": 17.642545259915867,
            "SittingDown": 25.369535852651126,
            "Smoking": 21.048607058641387,
            "TakingPhoto": 20.588632684004935,
            "Waiting": 15.82914310031467,
            "Walking": 21.12451406625601,
            "WalkingDog": 24.63249279203869,
            "WalkingTogether": 21.2925079944087
        },
        "S5": {
            "Average": NaN,
            "Directions": NaN,
            "Discussion": NaN,
            "Eating": NaN,
            "Greeting": NaN,
            "Phoning": NaN,
            "Posing": NaN,
            "Purchases": NaN,
            "Sitting": NaN,
            "SittingDown": NaN,
            "Smoking": NaN,
            "TakingPhoto": NaN,
            "Waiting": NaN,
            "Walking": NaN,
            "WalkingDog": NaN,
            "WalkingTogether": NaN
        },
        "S6": {
            "Average": NaN,
            "Directions": NaN,
            "Discussion": NaN,
            "Eating": NaN,
            "Greeting": NaN,
            "Phoning": NaN,
            "Posing": NaN,
            "Purchases": NaN,
            "Sitting": NaN,
            "SittingDown": NaN,
            "Smoking": NaN,
            "TakingPhoto": NaN,
            "Waiting": NaN,
            "Walking": NaN,
            "WalkingDog": NaN,
            "WalkingTogether": NaN
        },
        "S7": {
            "Average": NaN,
            "Directions": NaN,
            "Discussion": NaN,
            "Eating": NaN,
            "Greeting": NaN,
            "Phoning": NaN,
            "Posing": NaN,
            "Purchases": NaN,
            "Sitting": NaN,
            "SittingDown": NaN,
            "Smoking": NaN,
            "TakingPhoto": NaN,
            "Waiting": NaN,
            "Walking": NaN,
            "WalkingDog": NaN,
            "WalkingTogether": NaN
        },
        "S8": {
            "Average": NaN,
            "Directions": NaN,
            "Discussion": NaN,
            "Eating": NaN,
            "Greeting": NaN,
            "Phoning": NaN,
            "Posing": NaN,
            "Purchases": NaN,
            "Sitting": NaN,
            "SittingDown": NaN,
            "Smoking": NaN,
            "TakingPhoto": NaN,
            "Waiting": NaN,
            "Walking": NaN,
            "WalkingDog": NaN,
            "WalkingTogether": NaN
        },
        "S9": {
            "Average": 35.61836280426975,
            "Directions": 24.59045867919922,
            "Discussion": 31.153436104910714,
            "Eating": 21.483707972935267,
            "Greeting": 76.10190004290956,
            "Phoning": 22.15497589111328,
            "Posing": 22.009552986391128,
            "Purchases": 21.22730116410689,
            "Sitting": 29.37010433799342,
            "SittingDown": 91.14357703840228,
            "Smoking": 25.44072728957573,
            "TakingPhoto": 26.285575358072915,
            "Waiting": 78.49969795422676,
            "Walking": 25.736909367487982,
            "WalkingDog": 30.277528599330356,
            "WalkingTogether": 25.263734040436923
        }
    },
    "per_pose_error_relative": {
        "Average": {
            "Average": 26.43190122077029,
            "Directions": 21.508520325618004,
            "Discussion": 27.031651088169642,
            "Eating": 23.19745306199597,
            "Greeting": 22.791976178278688,
            "Phoning": 25.14628240411932,
            "Posing": 21.739003499348957,
            "Purchases": 30.812445224859776,
            "Sitting": 30.533793640136718,
            "SittingDown": 39.695852568655305,
            "Smoking": 26.26848891445491,
            "TakingPhoto": 24.761639456463676,
            "Waiting": 24.41907470703125,
            "Walking": 24.0066898704594,
            "WalkingDog": 31.15138898577009,
            "WalkingTogether": 24.36662830171131
        },
        "S1": {
            "Average": NaN,
            "Directions": NaN,
            "Discussion": NaN,
            "Eating": NaN,
            "Greeting": NaN,
            "Phoning": NaN,
            "Posing": NaN,
            "Purchases": NaN,
            "Sitting": NaN,
            "SittingDown": NaN,
            "Smoking": NaN,
            "TakingPhoto": NaN,
            "Waiting": NaN,
            "Walking": NaN,
            "WalkingDog": NaN,
            "WalkingTogether": NaN
        },
        "S11": {
            "Average": 21.870024582435345,
            "Directions": 18.17502791793258,
            "Discussion": 17.185661811333198,
            "Eating": 18.431607098646566,
            "Greeting": 20.436246599469865,
            "Phoning": 22.97292525679977,
            "Posing": 19.944558848505434,
            "Purchases": 31.325536391314337,
            "Sitting": 20.218369704026443,
            "SittingDown": 28.08212230244621,
            "Smoking": 22.088088617092225,
            "TakingPhoto": 22.190085963199014,
            "Waiting": 19.19019826253255,
            "Walking": 22.318161010742188,
            "WalkingDog": 29.72743879045759,
            "WalkingTogether": 23.135624904258577
        },
        "S5": {
            "Average": NaN,
            "Directions": NaN,
            "Discussion": NaN,
            "Eating": NaN,
            "Greeting": NaN,
            "Phoning": NaN,
            "Posing": NaN,
            "Purchases": NaN,
            "Sitting": NaN,
            "SittingDown": NaN,
            "Smoking": NaN,
            "TakingPhoto": NaN,
            "Waiting": NaN,
            "Walking": NaN,
            "WalkingDog": NaN,
            "WalkingTogether": NaN
        },
        "S6": {
            "Average": NaN,
            "Directions": NaN,
            "Discussion": NaN,
            "Eating": NaN,
            "Greeting": NaN,
            "Phoning": NaN,
            "Posing": NaN,
            "Purchases": NaN,
            "Sitting": NaN,
            "SittingDown": NaN,
            "Smoking": NaN,
            "TakingPhoto": NaN,
            "Waiting": NaN,
            "Walking": NaN,
            "WalkingDog": NaN,
            "WalkingTogether": NaN
        },
        "S7": {
            "Average": NaN,
            "Directions": NaN,
            "Discussion": NaN,
            "Eating": NaN,
            "Greeting": NaN,
            "Phoning": NaN,
            "Posing": NaN,
            "Purchases": NaN,